{
  "model": "BetaGeoFitter",
  "penalizer_coef": 0.001,
  "params": {
    "r": 0.01670803690342116,
    "alpha": 74.18441048220838,
    "a": 0.3511244055576151,
    "b": 0.06159585566303507
  }
}