{
  "model": "BetaGeoFitter",
  "penalizer_coef": 0.001,
  "params": {
    "r": 0.021996158405951174,
    "alpha": 16.910212982832704,
    "a": 0.18138252651686484,
    "b": 0.036798892199289425
  }
}