{
  "model": "GammaGammaFitter",
  "penalizer_coef": 0.001,
  "params": {
    "p": 10.296773069777519,
    "q": 1.336367324316288,
    "v": 9.622031565155279
  }
}