{
  "model": "GammaGammaFitter",
  "penalizer_coef": 0.001,
  "params": {
    "p": 10.541717467161899,
    "q": 1.4416252944833192,
    "v": 9.844632654440366
  }
}